{
    "Bill02023": {
        "Version": "1.10.1822.1",
        "Scene": {
            "Name": true,
            "SupportShaderSelect": true
        },
        "Export Directory": "D:/Tend Studio Dropbox/2023/C4HCO_23/ASSETS/3D assets from Sam/Charcters/Bill",
        "Object": {
            "Bill02023": {
                "Generation": "AccuRig",
                "Physics": {},
                "Meshes": {
                    "BODY_001": {
                        "Materials": {
                            "Hat": {
                                "Material Type": "Pbr",
                                "MultiUV Index": 0,
                                "Two Side": true,
                                "Diffuse Color": [
                                    204.0,
                                    204.0,
                                    204.0
                                ],
                                "Ambient Color": [
                                    12.973380088806153,
                                    12.973380088806153,
                                    12.973380088806153
                                ],
                                "Specular Color": [
                                    204.0,
                                    204.0,
                                    204.0
                                ],
                                "Opacity": 1.0,
                                "Self Illumination": 0.0,
                                "Textures": {}
                            }
                        }
                    },
                    "Cylinder_003": {
                        "Materials": {
                            "Buckle": {
                                "Material Type": "Pbr",
                                "MultiUV Index": 0,
                                "Two Side": true,
                                "Diffuse Color": [
                                    204.0,
                                    163.87217712402345,
                                    60.3936882019043
                                ],
                                "Ambient Color": [
                                    12.973380088806153,
                                    12.973380088806153,
                                    12.973380088806153
                                ],
                                "Specular Color": [
                                    204.0,
                                    163.87217712402345,
                                    60.3936882019043
                                ],
                                "Opacity": 1.0,
                                "Self Illumination": 0.0,
                                "Textures": {}
                            }
                        }
                    },
                    "Cylinder_004": {
                        "Materials": {
                            "Belt": {
                                "Material Type": "Pbr",
                                "MultiUV Index": 0,
                                "Two Side": true,
                                "Diffuse Color": [
                                    20.456100463867189,
                                    10.084230422973633,
                                    5.173695087432861
                                ],
                                "Ambient Color": [
                                    12.973380088806153,
                                    12.973380088806153,
                                    12.973380088806153
                                ],
                                "Specular Color": [
                                    20.456100463867189,
                                    10.084230422973633,
                                    5.173695087432861
                                ],
                                "Opacity": 1.0,
                                "Self Illumination": 0.0,
                                "Textures": {}
                            }
                        }
                    },
                    "Mesh_004": {
                        "Materials": {
                            "Hair": {
                                "Material Type": "Pbr",
                                "MultiUV Index": 0,
                                "Two Side": true,
                                "Diffuse Color": [
                                    11.975310325622559,
                                    8.385165214538575,
                                    7.272089958190918
                                ],
                                "Ambient Color": [
                                    12.973380088806153,
                                    12.973380088806153,
                                    12.973380088806153
                                ],
                                "Specular Color": [
                                    11.975310325622559,
                                    8.385165214538575,
                                    7.272089958190918
                                ],
                                "Opacity": 1.0,
                                "Self Illumination": 0.0,
                                "Textures": {}
                            }
                        }
                    },
                    "Mesh_007": {
                        "Materials": {
                            "Skin": {
                                "Material Type": "Pbr",
                                "MultiUV Index": 0,
                                "Two Side": true,
                                "Diffuse Color": [
                                    150.60784912109376,
                                    97.23812866210938,
                                    55.044551849365237
                                ],
                                "Ambient Color": [
                                    12.973380088806153,
                                    12.973380088806153,
                                    12.973380088806153
                                ],
                                "Specular Color": [
                                    150.60784912109376,
                                    97.23812866210938,
                                    55.044551849365237
                                ],
                                "Opacity": 1.0,
                                "Self Illumination": 0.0,
                                "Textures": {}
                            },
                            "Shirt": {
                                "Material Type": "Pbr",
                                "MultiUV Index": 0,
                                "Two Side": true,
                                "Diffuse Color": [
                                    150.60784912109376,
                                    26.40601348876953,
                                    13.343384742736817
                                ],
                                "Ambient Color": [
                                    12.973380088806153,
                                    12.973380088806153,
                                    12.973380088806153
                                ],
                                "Specular Color": [
                                    150.60784912109376,
                                    26.40601348876953,
                                    13.343384742736817
                                ],
                                "Opacity": 1.0,
                                "Self Illumination": 0.0,
                                "Textures": {}
                            },
                            "Pants": {
                                "Material Type": "Pbr",
                                "MultiUV Index": 0,
                                "Two Side": true,